{
  "means": [
    176.11806945657798,
    4.485907065437638,
    10.756585071221405,
    14.262125,
    -0.1642743416323041,
    -0.22607262462447378,
    0.182375,
    0.495625,
    1.50625,
    1.996875,
    2.60225,
    0.18432503329052466,
    0.18491228265239915,
    0.05761423580342194,
    0.18461865797146132,
    0.23464857936364863
  ],
  "stds": [
    524.2408833882585,
    1.0401265049590158,
    7.772640932280045,
    5.359166491570787,
    0.7080606742737414,
    0.6485022672464053,
    0.38615328481706496,
    0.49998085900862227,
    1.1192457002374552,
    1.411245986486785,
    1.8521055416741465,
    0.1765113706078477,
    0.1756771873258524,
    0.1568866064081273,
    0.16513576565660096,
    0.16833055228504434
  ],
  "n_features": 16
}